evidence_id,event_date,title,description,url,source_tier,grounding_status,relevant,requires_human_review,review_note,category,subcategory,taxonomy_fit,polarity,affected_barrier,confidence,rationale,supporting_text
ev_09eac7a02b31,March 2026,ICNL Civic Freedom Monitor - Nepal (Recent Developments),ICNL overview notes that in March 2026 Nepal formed a new government after elections held in the wake of a youth-led protest movement triggered by social media restrictions that collapsed the prior government in September 2025.,https://www.icnl.org/resources/civic-freedom-monitor/nepal,registry,supported,True,True,General political transition without a stated connection to NGO regulatory measures; included only as background context.,reputational_and_political,other,outside_current_subcategories,contextual,none_identified,0.4,Describes broad political transition and civic unrest context relevant to Nepal's civic space monitoring but with no direct link to an NGO-specific restriction or protection.,"In March 2026, Nepal formed a new government after elections, which saw the governing coalition secure a nearly two-thirds majority."
ev_2c7dc5372f64,as of August 2026 (ongoing legal requirement),ICNL Civic Freedom Monitor - Nepal (Barriers to Resources),"ICNL reports that associations must obtain case-by-case approval from the Social Welfare Council to receive government or foreign funding, and banks will not release transferred donor funds without an SWC authorization letter.",https://www.icnl.org/resources/civic-freedom-monitor/nepal,registry,supported,True,False,,resources,foreign_funding_approval,exact,restrictive,diversified_funding_and_transparent_reporting,0.92,"Mandatory case-by-case government approval is required before associations can access foreign or government funding, and banks withhold funds absent this authorization.",Associations must obtain case-by-case approval from the Social Welfare Council (SWC) to receive government or foreign funding.
ev_c7f56452e399,March 2026 / April 2025,ICNL Civic Freedom Monitor - Nepal (NGO registration numbers),"As of March 2026 the Social Welfare Council's database listed 57,978 active NGOs, while a separate study estimated 25,760 NGOs were active at the end of fiscal year 2024-25; 119 international CSOs were listed as of April 2025.",https://www.icnl.org/resources/civic-freedom-monitor/nepal,registry,supported,True,True,Statistical data only; no direct bearing on formation barriers without further context.,formation,other,outside_current_subcategories,contextual,none_identified,0.5,Reports on the number of active NGOs and discrepancies in counting methods; useful background but does not itself establish a restriction or protection.,"the Social Welfare Council's database listed 57,978 NGOs as active."
ev_67845be57010,August 2025,ICNL Civic Freedom Monitor - Nepal (draft NGO Registration Bill),"In August 2025 Nepal's Ministry of Home Affairs issued a draft NGO Registration, Regulation and Management Bill that would consolidate the Associations Registration Act (1977), National Directorate Act (1961), and Social Welfare Act (1992).",https://www.icnl.org/resources/civic-freedom-monitor/nepal,registry,supported,True,True,Bill is still in draft stage and its precise regulatory impact on registration/formation is not detailed in the snippet.,governance,unilateral_rule_making,partial,restrictive,appeal_and_judicial_review,0.6,"A ministry-issued draft bill consolidating multiple existing NGO governing laws indicates a unilateral regulatory overhaul that could increase future exposure, though effects are not yet finalized.","Nepal's Ministry of Home Affairs issued a draft NGO Registration, Regulation and Management Bill, which seeks to consolidate three existing laws governing NGOs"
ev_2f5b433a03ec,2026 (post-election context),ICNL Civic Freedom Monitor - Nepal (Karki Commission recommendations),"ICNL states that Karki Commission recommendations, including expanded digital monitoring and a specialized social media intelligence unit, could facilitate surveillance of organizers and constrain assembly mobilization.",https://www.icnl.org/resources/civic-freedom-monitor/nepal,registry,supported,True,True,"These are recommendations, not yet enacted measures; effect on NGOs is anticipatory.",governance,restricted_freedoms,partial,restrictive,appeal_and_judicial_review,0.65,Recommended digital monitoring and surveillance capacity could constrain the exercise of assembly and civic organizing freedoms.,could facilitate surveillance of organizers and further constrain the coordination and mobilization of peaceful assemblies.
ev_37c556546e9b,"Constitution of Nepal, 2015 (ongoing)",ICNL Civic Freedom Monitor - Nepal (assembly right restricted to citizens),"ICNL notes that Nepal's constitutional right to peaceful assembly is restricted to Nepali citizens, contrary to international law standards on freedom of assembly.",https://www.icnl.org/resources/civic-freedom-monitor/nepal,registry,supported,True,False,,governance,restricted_freedoms,exact,restrictive,appeal_and_judicial_review,0.85,"The constitutional right to peaceful assembly is expressly limited to citizens, restricting broader civic participation rights relevant to NGO operations.","This right is restricted to Nepali citizens, in contravention of international law standards on freedom of assembly."
ev_89adf7e75fd7,2024 (baseline) / current,CIVICUS Monitor - Nepal country rating,"CIVICUS Monitor rates Nepal's civic space as 'Obstructed' with a current score of 48/100, and shows the country rated 'obstructed' continuously from 2018 through 2024.",https://monitor.civicus.org/country/nepal/,registry,supported,True,True,Aggregate rating without specificity on which measures drive the score.,reputational_and_political,other,outside_current_subcategories,contextual,none_identified,0.45,A civic space rating of 'Obstructed' provides general context on the operating environment but does not itself describe a specific restrictive or permissive measure.,48 | Obstructed | obstructed | obstructed | obstructed
ev_afdc932d5590,November 2024,CIVICUS Monitor - Nepal: Civic space at risk (Nov 2024 baseline report),"CIVICUS documented that peaceful protests in Nepal have been met with arbitrary arrests and excessive force including firearms, with unlawful killings reported and no accountability, alongside government limits on protest space.",https://www.civicus.org/index.php/media-resources/reports-publications/7359-nepal-civic-space-at-risk-as-authorities-suppress-fundamental-freedoms-and-dissent,supplementary,supported,True,False,,governance,restricted_freedoms,exact,restrictive,appeal_and_judicial_review,0.85,"Documented suppression of peaceful protests through arbitrary arrests, excessive force, and unlawful killings without accountability directly restricts the freedom of assembly relevant to civic space.","peaceful protests have been met with arbitrary arrests and excessive force, including the use of firearms. In some cases, unlawful killings have been reported, with no one held to account."
ev_f013a78c381e,14 August 2024,CIVICUS Monitor - Nepal transitional justice law adopted (Aug 2024),"Nepal's transitional justice law was adopted by the lower house of parliament on 14 August 2024, incorporating provisions to advance justice for 1996-2006 conflict-era abuses, though human rights groups raised concerns about shortcomings.",https://monitor.civicus.org/explore/nepal-activists-and-online-critics-arrested-to-stifle-dissent-as-journalists-remain-at-risk/,registry,supported,False,False,,,,,,,,,
ev_61e22293a5ea,22 August 2024,OHCHR - Türk welcomes adoption of Nepal transitional justice law,"UN Human Rights Chief Volker Türk stated that the adoption of new transitional justice legislation in Nepal marks an important step toward accountability and reconciliation, while calling for victim-centred implementation.",https://www.ohchr.org/en/press-releases/2024/08/nepal-turk-welcomes-adoption-transitional-justice-law-calls-victim-centred,supplementary,supported,False,False,,,,,,,,,
ev_f1ea4c89c68d,August-October 2024,CIVICUS Monitor - Electronic Transaction Act used against online critics (2024),"CIVICUS documented ongoing persecution of individuals for online criticism of politicians under the Electronic Transaction Act 2008, including arrests of individuals posting Facebook criticism of the Prime Minister and other leaders in August 2024.",https://monitor.civicus.org/explore/nepal-activists-and-online-critics-arrested-to-stifle-dissent-as-journalists-remain-at-risk/,registry,supported,True,True,Focus is on individual online critics rather than NGOs specifically; fit to governance subcategory is partial.,governance,restricted_freedoms,partial,restrictive,appeal_and_judicial_review,0.62,Use of the Electronic Transactions Act to arrest and charge individuals for online criticism demonstrates a restriction on freedom of expression that could extend to civil society actors.,the use of the Electronic Transactions Act 2008 to stifle dissent
ev_9f35f352b90c,September-October 2024,CIVICUS Monitor - Ruby Khan activists arrested and later reach agreement (2024),Human rights defender Ruby Khan and fellow activists protesting for justice were repeatedly arrested/detained in Kathmandu in September-October 2024 before suspending their protest following a three-point agreement with the Ministry of Home Affairs on 29 October 2024.,https://monitor.civicus.org/explore/nepal-activists-and-online-critics-arrested-to-stifle-dissent-as-journalists-remain-at-risk/,registry,supported,True,True,Ambiguous whether the agreement represents a genuine improvement (permissive) or merely a pause in restrictive practice.,governance,restricted_freedoms,partial,restrictive,appeal_and_judicial_review,0.55,"Repeated arrests/detention of activists protesting for justice indicate restriction on freedom of assembly, though the case ended in a negotiated agreement rather than legal reform.",the group suspended their protest following a three-point agreement with the Ministry of Home Affairs
ev_bf1f2eb63276,21 May 2024,CIVICUS Monitor - Kantipur Media chair Sirohiya arrested (May 2024),"Kailash Sirohiya, chairperson of Kantipur Media Group, was arrested on 21 May 2024 over citizenship document issues; press freedom groups viewed the arrest as retaliation for reporting on the Home Minister.",https://monitor.civicus.org/explore/nepal-human-rights-defenders-media-group-chair-targeted-to-silence-dissent-while-protests-disrupted/,registry,supported,True,True,Snippet does not explicitly link arrest motive to NGO activity; retaliation claim is characterized as 'allegedly'.,governance,restricted_freedoms,partial,restrictive,appeal_and_judicial_review,0.6,"Arrest of a prominent media figure on unrelated documentation grounds, seen as retaliation for critical reporting, suggests use of legal mechanisms to suppress dissenting voices.","was arrested on 21st May 2024, allegedly over supposed irregularities in the details on his citizenship card"
ev_6a1afafe0919,14 May 2024,CIVICUS Monitor - UN experts on HRD retaliation over Chhaya Center (2024),"UN experts expressed concern on 14 May 2024 over reprisals against human rights defenders opposing the Chhaya Center development in Kathmandu, including intimidation and a contempt of court case against activist Bhagabat Narsingh Pradhan.",https://monitor.civicus.org/explore/nepal-human-rights-defenders-media-group-chair-targeted-to-silence-dissent-while-protests-disrupted/,registry,supported,True,True,Case is project-specific and individual-focused; broader applicability to NGOs generally is not established in the snippet.,reputational_and_political,criminalising_association,partial,restrictive,public_trust_and_proactive_transparency,0.6,Reports of retaliation and a contempt of court case against a defender for civic opposition indicate use of legal/political pressure against association with rights advocacy.,ongoing retaliations against human rights defenders because of their opposition to the development of the Chhaya Center
ev_f147a981c444,July 2025,CIVICUS/AHRC Joint UPR51 Submission on Nepal,"CIVICUS and the Asian Human Rights Commission's July 2025 UN Universal Periodic Review submission found Nepal has not fully implemented any of 11 accepted civic-space recommendations, with seven unaddressed and six partially fulfilled.",https://www.civicus.org/documents/upr-submissions/UPR51-Nepal-CIVICUS-and-AHRC.pdf,supplementary,supported,True,True,Aggregate finding lacks specificity to map to a single taxonomy subcategory; treated as contextual pending detail.,governance,other,outside_current_subcategories,contextual,appeal_and_judicial_review,0.5,General finding that Nepal has not implemented civic-space recommendations is relevant context for ongoing risk but does not identify a specific restrictive measure.,"Nepal has not fully implemented any, with seven entirely unaddressed and six only partially fulfilled"
ev_2c29a3224aff,9 February 2025,CIVICUS Monitor - Social Media Bill introduced (Feb 2025),"On 9 February 2025 the 'Bill on the Operation, Use, and Regulation of Social Media' was introduced in Nepal's National Assembly, proposing registration, penalisation, content moderation, and criminal penalties for online speech.",https://monitor.civicus.org/explore/nepal-restrictive-social-media-legislation-targeting-of-journalists-and-excessive-force-at-protests-put-freedoms-at-risk/,registry,supported,True,True,"Bill targets general social media users, not NGOs specifically; potential impact on civil society is inferred rather than explicit.",governance,restricted_freedoms,partial,restrictive,appeal_and_judicial_review,0.68,"The bill proposes mandatory registration, penalisation, and criminal penalties for online speech, which could expand state control over civic and public expression, including that of civil society actors.","designed to regulate social media platforms and users through increased registration, penalisation, and content moderation"
ev_46045c8c9af1,February 2025,CIVICUS Monitor - Media Council Bill passed (Feb 2025),"The Media Council Bill, replacing the Press Council with a government-influenced Media Council regulatory body, was passed in February 2025, raising concerns about government control over independent media.",https://monitor.civicus.org/explore/nepal-restrictive-social-media-legislation-targeting-of-journalists-and-excessive-force-at-protests-put-freedoms-at-risk/,registry,supported,True,True,Focus is on media regulation rather than NGOs specifically; fit to governance subcategory is partial and inferred.,governance,unchecked_regulator_powers,partial,restrictive,appeal_and_judicial_review,0.62,"A new government-influenced regulatory body replaces an independent press oversight mechanism, raising concerns about unchecked control over media/civil-society expression.","The new Media Council Bill replaces the existing Press Council responsible for upholding the standards of free press with the Media Council, a new regulatory body."
ev_5602c2104d1d,9 May 2025,CIVICUS Monitor - unregistered social media platforms warned (May 2025),"On 9 May 2025 the Ministry of Communication and Information Technology again warned social media platforms to register under the 2023 Directives; major platforms including Facebook, WhatsApp, Instagram and X had not complied.",https://monitor.civicus.org/explore/nepal-restrictive-social-media-legislation-targeting-of-journalists-and-excessive-force-at-protests-put-freedoms-at-risk/,registry,supported,True,True,"Directive targets platforms, not NGOs directly; relevance to NGO operational viability is indirect.",governance,restricted_freedoms,partial,restrictive,appeal_and_judicial_review,0.55,Mandatory registration requirement for social media platforms under government directive restricts space for online communication that civil society relies on.,"issued a warning to social media platforms to register in Nepal under the Directives for Managing the Use of Social Networks, 2023"
ev_511271258614,Early May 2025,CIVICUS Monitor - civil society coalition statement on digital regulation (May 2025),"In early May 2025, Digital Rights Nepal convened a coalition of 31 civil society organisations, digital rights advocates and media groups issuing recommendations for transparent, inclusive digital platform regulation.",https://monitor.civicus.org/explore/nepal-restrictive-social-media-legislation-targeting-of-journalists-and-excessive-force-at-protests-put-freedoms-at-risk/,registry,supported,True,True,Evidence reflects civil society activity rather than a documented restriction/protection; interpretation as contextual only.,reputational_and_political,other,outside_current_subcategories,contextual,public_trust_and_proactive_transparency,0.55,"Shows civil society organisations actively convening and advocating for transparent regulation, indicating continued space for association and advocacy, but not itself a restriction or protection.","Digital Rights Nepal convened a coalition of 31 civil society organisations, digital rights advocates, and media groups"
ev_7aca642e5c5f,January 2025,CIVICUS Monitor - HRW January 2025 report on impunity,"Human Rights Watch said in January 2025 that lack of justice for conflict-era crimes has contributed to a widespread crisis of impunity in Nepal, undermining human rights, governance and rule of law.",https://monitor.civicus.org/explore/nepal-restrictive-social-media-legislation-targeting-of-journalists-and-excessive-force-at-protests-put-freedoms-at-risk/,registry,supported,False,False,,,,,,,,,
ev_b2d5ba622b51,March 2025,CIVICUS Monitor - ICJ report on transitional justice pledge (March 2025),"In March 2025 the International Commission of Jurists reported that Nepal's political leaders including PM Oli, together with civil society, pledged to redouble efforts on victim-centred transitional justice mechanisms.",https://monitor.civicus.org/explore/nepal-restrictive-social-media-legislation-targeting-of-journalists-and-excessive-force-at-protests-put-freedoms-at-risk/,registry,supported,False,False,,,,,,,,,
ev_d89d09767885,April 2025 (covering 2024),CIVICUS Monitor - Amnesty International April 2025 report on 2024 suppression,"Amnesty International said in April 2025 that the Nepal government suppressed criticism in 2024 through protest restrictions, unlawful force, and forcible dispersal/detention of demonstrators, with intensified restrictions on journalists and online critics.",https://monitor.civicus.org/explore/nepal-restrictive-social-media-legislation-targeting-of-journalists-and-excessive-force-at-protests-put-freedoms-at-risk/,registry,supported,True,False,,governance,restricted_freedoms,exact,restrictive,appeal_and_judicial_review,0.75,"Documents government suppression of protest and dissent through unlawful force and detention, restricting freedoms relevant to civil society operating space.","the government suppressed criticism in 2024 by enforcing restrictions on protests, using unlawful force, and forcibly dispersing and detaining demonstrators"
ev_375de3eb0e23,July 2025,Kathmandu Post - NHRC reform bill in limbo (July 2025),"Nepal's government had yet to finalise a new National Human Rights Commission Act eight months after the draft bill was submitted (Sept 2024), despite the reform being a factor in retaining the NHRC's global 'A' accreditation status.",https://kathmandupost.com/national/2025/07/19/nhrc-reform-in-limbo-despite-warnings-from-un-and-rights-bodies,supplementary,supported,True,True,"Indirect relevance; delay in NHRC reform does not directly restrict NGO operations, fit is outside current subcategories.",governance,other,outside_current_subcategories,contextual,appeal_and_judicial_review,0.55,"Prolonged delay in finalising human rights institution reform bill affects institutional oversight capacity, relevant background for governance risk but not a direct restriction on NGOs.",the government has yet to finalise the bill. Officials have no idea when the bill will be finalised and registered in Parliament.
ev_04e2e3804006,6 August 2025,Kathmandu Post - counter-intelligence wing bill (Aug 2025),"A draft bill to replace the Nepal Special Service Act would create a formal counter-intelligence wing empowering the National Investigation Department to collect intelligence and conduct surveillance activities, including on espionage and subversion.",https://kathmandupost.com/national/2025/08/06/counter-intelligence-wing-to-be-set-up-under-new-nepal-law,supplementary,supported,True,True,Bill is broad national-security legislation; direct impact on NGOs is inferred rather than explicit in the snippet.,governance,restricted_freedoms,partial,restrictive,appeal_and_judicial_review,0.6,"New legal provisions for surveillance, secret missions, and evidence collection expand state monitoring capacity, which could extend to civil society and NGOs, restricting freedoms of association/expression.","The bill lays out legal provisions for surveillance, secret missions, handling informants, evidence collection, interrogation, and verification"
ev_24e37a4f7a51,13 August 2025,Khabarhub - lawmaker warns Intelligence Bill threatens privacy (Aug 2025),"Nepali Congress lawmaker NP Saud warned in Parliament that the government's draft Intelligence Bill would allow control, monitoring and tapping of citizens' phone calls and messages, violating constitutional privacy guarantees.",https://english.khabarhub.com/2025/13/490691/,supplementary,supported,True,True,"Concerns general citizen surveillance, not explicitly targeted at NGOs; fit is partial.",governance,restricted_freedoms,partial,restrictive,appeal_and_judicial_review,0.6,"Draft bill would allow government surveillance of communications, a general freedom restriction that could indirectly affect civil society communications, though not NGO-specific.","would allow the government to control, monitor, and tap citizens' phone calls, messages, and other communications"
ev_8db75bc2155e,31 August 2025,Kathmandu Post opinion - Nepal's civil society under siege (Aug 2025),"Opinion piece describes the 2025 draft Social Organisation/NGO bill as the third attempt to regulate civil society under PM Oli (after 2016 and 2019), introducing expanded reporting obligations, special-audit powers, and geographic/sectoral restrictions.",https://kathmandupost.com/columns/2025/08/31/nepal-s-civil-society-under-siege,supplementary,partially_supported,True,True,Specific restrictive provisions cited in description are not present in the verbatim snippet.,formation,other,outside_current_subcategories,contextual,statutory_deadlines_and_bounded_refusal,0.5,Snippet establishes a historical pattern of repeated attempts to regulate civil society but does not itself specify the restrictive content of the 2025 draft.,The 2025 draft marks the third attempt to regulate social organisations under the premiership of KP Sharma Oli
ev_29a514363ea0,3 September 2025,Peoples' Review - Government intends to tighten NGOs (Sept 2025),"The Home Ministry unveiled a bill to amend and integrate NGO registration, regulation and management laws, proposing to dissolve the Social Welfare Council; the NGO Federation called the bill 'retrograde and cumbersome.'",https://peoplesreview.com.np/2025/09/03/government-intends-to-tighten-ngos/,supplementary,supported,True,True,"Institutional restructuring implies increased control but exact subcategory fit (e.g., formation vs governance) is ambiguous.",governance,unilateral_rule_making,partial,restrictive,appeal_and_judicial_review,0.6,"Consolidating multiple NGO laws and dissolving the independent Social Welfare Council in favor of Home Ministry control suggests centralized, unilateral regulatory restructuring.",proposes dissolving the Social Welfare Council (SWC) and replacing it with a new social welfare act under the Home Ministry
ev_ce00924a3d43,4 September 2025,CIVICUS Monitor - social media ban on 26 platforms (Sept 2025),"On 4 September 2025 the government ordered the Nepal Telecommunications Authority to block 26 unregistered social media platforms, precipitating the Gen Z protests.",https://monitor.civicus.org/explore/nepal-anti-corruption-protests-force-political-change-despite-violent-crackdown/,registry,supported,True,False,,governance,restricted_freedoms,exact,restrictive,appeal_and_judicial_review,0.75,Government-ordered blocking of unregistered platforms directly restricts communication and organizing freedoms relevant to civil society.,the government ordered the Nepal Telecommunications Authority to block 26 unregistered social
ev_9359df199216,8-12 September 2025,CIVICUS Monitor - deadly Gen Z protest crackdown (Sept 2025),"Police used lethal force against Gen Z protesters on 8-9 September 2025 following a social media ban, with at least 19 killed on the first day (rising to 76 total nationwide) and hundreds injured; PM Oli resigned and the ban was lifted.",https://monitor.civicus.org/explore/nepal-anti-corruption-protests-force-political-change-despite-violent-crackdown/,registry,supported,True,True,"General human rights violation during protests, not a direct NGO-specific restriction.",governance,restricted_freedoms,partial,restrictive,appeal_and_judicial_review,0.6,"Deadly use of force against protesters reflects severe suppression of assembly/expression freedoms relevant to civic space, though not NGO-specific.","Police responded with water cannon, tear gas, rubber bullets and live ammunition, leaving at least nineteen dead and hundreds injured"
ev_c897eaf886d3,12 September 2025,CIVICUS Monitor - interim government under Sushila Karki formed (Sept 2025),"On 12 September 2025 an agreement was reached to dissolve parliament and swear in former Chief Justice Sushila Karki as interim Prime Minister, the first woman to hold the position, with fresh elections announced for 5 March 2026.",https://monitor.civicus.org/explore/nepal-anti-corruption-protests-force-political-change-despite-violent-crackdown/,registry,supported,True,True,Broad political transition; no direct link to a documented civic space restriction.,governance,other,outside_current_subcategories,contextual,none_identified,0.5,Describes a political leadership transition and election timeline without directly establishing effect on any specific NGO-related restriction.,swear in former Chief Justice Sushila Karki - the first woman to hold the position - as head of an interim government that would conduct fresh elections announced for 5th March 2026
ev_890b06b50e3c,September 2025,CIVICUS Monitor - draft NGO law concerns amid 2025 unrest,CIVICUS noted continued concerns around a social media bill and that a draft NGO law had raised concerns about increasing controls and burdensome requirements for civil society.,https://monitor.civicus.org/explore/nepal-anti-corruption-protests-force-political-change-despite-violent-crackdown/,registry,supported,True,True,Vague reference to 'controls and burdensome requirements' without specifying which taxonomy subcategory applies.,operations,other,outside_current_subcategories,restrictive,general_operating_licence_and_self_regulation,0.6,"CIVICUS notes the draft NGO law raises concerns about increasing controls and burdensome requirements, indicating potential new operational constraints, though the specific mechanism is unspecified.",a draft NGO law has raised concerns about increasing controls and burdensome requirements for civil society
ev_db7b3104b4f3,19 November 2025,HRW - Unlawful Use of Force During Gen Z Protest (Nov 2025),"Human Rights Watch found that on 8 September 2025 police indiscriminately fired on protesters for over three hours, killing 17 in Kathmandu, with dozens detained and some beaten; violence continued on 9 September including arson attacks.",https://monitor.civicus.org/explore/nepal-still-no-accountability-for-violent-crackdown-by-security-forces-as-civic-space-violations-persist-and-election-draws-near/,registry,supported,True,True,Concerns general protest violence rather than an NGO-specific restriction.,governance,restricted_freedoms,partial,restrictive,appeal_and_judicial_review,0.6,HRW documentation of indiscriminate police firing on protesters indicates severe restriction of assembly/expression rights affecting civic actors' safety.,police indiscriminately fired on protesters multiple times over three hours
ev_defa370070da,December 2025,CIVICUS Monitor - Amnesty International report on unlawful killings (Dec 2025),"Amnesty International's December 2025 briefing found widespread failings by Nepal's law enforcement during the September protests, documenting unlawful killings and excessive/lethal force including live ammunition against largely peaceful protesters.",https://monitor.civicus.org/explore/nepal-still-no-accountability-for-violent-crackdown-by-security-forces-as-civic-space-violations-persist-and-election-draws-near/,registry,supported,True,False,,governance,restricted_freedoms,partial,restrictive,appeal_and_judicial_review,0.75,"Documented unlawful killings and excessive/lethal force against peaceful protesters constitutes a severe restriction on freedom of assembly/expression, undermining the protective function of judicial accountability.","widespread failings by Nepal's law enforcement agencies in policing September's protest that resulted in unlawful killings, unnecessary and excessive use of force"
ev_bff9337bdf98,21 January 2026,CIVICUS Monitor - Nepal UN Human Rights Council review (Jan 2026),"On 21 January 2026 Nepal's human rights record was reviewed at the UN Human Rights Council, with states recommending a safe environment for expression, ensuring the constitutional right to assembly, and accountability for protest-related violence.",https://monitor.civicus.org/explore/nepal-still-no-accountability-for-violent-crackdown-by-security-forces-as-civic-space-violations-persist-and-election-draws-near/,registry,supported,True,True,Recommendation-based evidence; interpretive judgment needed on whether it signals future restriction or protection.,governance,restricted_freedoms,partial,contextual,appeal_and_judicial_review,0.6,International recommendations urging protection of assembly rights indicate ongoing concern about restrictions but do not themselves establish a restrictive or permissive change in law.,"recommended to ensure the constitutional right to peaceful assembly, refrain from excessive use of force by security agencies"
ev_d3a416f139a2,4 February 2026,CIVICUS Monitor - HRW annual report on Nepal (Feb 2026),Human Rights Watch's annual report (Feb 2026) highlighted documented police use of excessive and lethal force during 2025 protests and noted that transitional justice progress stalled after victims' groups rejected commissioners as unqualified.,https://monitor.civicus.org/explore/nepal-still-no-accountability-for-violent-crackdown-by-security-forces-as-civic-space-violations-persist-and-election-draws-near/,registry,supported,True,False,,governance,restricted_freedoms,partial,restrictive,appeal_and_judicial_review,0.75,Documented police use of excessive/lethal force against protesters constitutes a restriction on freedom of assembly.,documented police use of excessive and lethal force during protests
ev_d3a416f139a2,4 February 2026,CIVICUS Monitor - HRW annual report on Nepal (Feb 2026),Human Rights Watch's annual report (Feb 2026) highlighted documented police use of excessive and lethal force during 2025 protests and noted that transitional justice progress stalled after victims' groups rejected commissioners as unqualified.,https://monitor.civicus.org/explore/nepal-still-no-accountability-for-violent-crackdown-by-security-forces-as-civic-space-violations-persist-and-election-draws-near/,registry,supported,True,False,,governance,loss_of_appeal_rights,partial,restrictive,appeal_and_judicial_review,0.7,Transitional justice progress stalling after victims' groups rejected unqualified commissioners represents a setback to judicial accountability mechanisms.,progress on justice for human rights violations committed during the 1996-2006 conflict stalled after victims' groups rejected the commissioners appointed
ev_c9f5f6799596,January-February 2026,CIVICUS Monitor - Karki Commission of inquiry term extended (Jan-Feb 2026),"The judicial commission of inquiry chaired by Gauri Bahadur Karki, investigating 76 protest-related deaths, had its term extended by Cabinet on 22 January 2026 and again on 9 February 2026, partly over fears its findings could disrupt the election.",https://monitor.civicus.org/explore/nepal-still-no-accountability-for-violent-crackdown-by-security-forces-as-civic-space-violations-persist-and-election-draws-near/,registry,supported,True,False,,governance,loss_of_appeal_rights,partial,restrictive,appeal_and_judicial_review,0.7,"Repeated extension of the inquiry's deadline, motivated by political concerns rather than investigative need, delays accountability and access to remedy for victims.","its deadline was extended for another 25 days beyond election day, for fear that its findings could be opposed by security forces or political actors and cause ""friction"""
ev_4c39e59d3828,3-6 February 2026,Kathmandu Post / Eu SEE - Social Media Bill formally withdrawn (Feb 2026),The Karki-led interim government moved on 3-6 February 2026 to withdraw the controversial 2025 Social Media Bill from the National Assembly amid sustained civil society criticism that its provisions were overly broad.,https://eusee.hivos.org/alert/nepal-withdraws-ban-of-26-major-social-media-platforms/,supplementary,supported,True,False,,governance,restricted_freedoms,partial,permissive,appeal_and_judicial_review,0.8,Formal withdrawal of a bill that would have restricted social media platforms reverses a previously proposed restriction on freedom of expression.,The government of Nepal has moved to withdraw the controversial Social Media Bill from the National Assembly... reverses a proposal introduced by the previous government
ev_a15604f72443,5 March 2026,CIVICUS Monitor - RSP wins general election (March 2026),On 5 March 2026 the Rastriya Swatantra Party led by Balendra Shah won a clear majority (182 of 275 seats) in Nepal's snap general election held six months after the September 2025 protests toppled the government.,https://monitor.civicus.org/explore/nepal-press-freedom-at-risk-under-new-government-while-still-lack-of-accountability-for-protest-violations/,registry,supported,False,False,General political/election news without a direct link to a specific civic-space restriction or protection.,,,,,,,,
ev_a096cededdbf,27-28 March 2026,CIVICUS Monitor - former PM Oli and Home Minister arrested (March 2026),"Following Balendra Shah's swearing-in as PM on 27 March 2026, former PM K.P. Sharma Oli and former Home Minister Ramesh Lekhak were arrested over the deadly police crackdown on the September 2025 protests, per commission recommendations.",https://monitor.civicus.org/explore/nepal-press-freedom-at-risk-under-new-government-while-still-lack-of-accountability-for-protest-violations/,registry,supported,True,False,,governance,loss_of_appeal_rights,partial,permissive,appeal_and_judicial_review,0.75,"Arrests of senior officials following commission findings demonstrate the judicial accountability mechanism functioning, reversing prior impunity concerns.","former prime minister K.P. Sharma Oli was arrested the day after Shah's swearing-in ceremony, following recommendations from a commission set up to investigate the deadly police crackdown"
ev_65eb5d2ce92c,8 March 2026,CIVICUS Monitor - Karki Commission report findings (March 2026),"The Karki Commission's report, submitted 8 March 2026, confirmed 76 deaths (42 from police firing) and recommended criminal proceedings against ex-PM Oli, Home Minister Lekhak, and IGP Khapung for negligence, plus victim compensation and police reforms.",https://monitor.civicus.org/explore/nepal-press-freedom-at-risk-under-new-government-while-still-lack-of-accountability-for-protest-violations/,registry,supported,True,False,,governance,loss_of_appeal_rights,partial,permissive,appeal_and_judicial_review,0.75,"The commission's formal findings and recommendation of criminal proceedings against implicated officials represent an active judicial accountability process, supporting the appeal/judicial review barrier.","It recommended criminal proceedings against then-Prime Minister KP Sharma Oli, Home Minister Ramesh Lekhak, and IGP Chandra Kuber Khapung for negligence leading to deaths."
ev_f40dca6b5147,27 May 2026,CIVICUS Monitor - NHRC recommendations on protest investigation (May 2026),"On 27 May 2026 Nepal's National Human Rights Commission publicised recommendations including investigating Karki Commission chair for social media posts, and probing 17 sitting RSP MPs regarding the September 2025 unrest.",https://monitor.civicus.org/explore/nepal-press-freedom-at-risk-under-new-government-while-still-lack-of-accountability-for-protest-violations/,registry,supported,False,False,"Concerns accountability for protest violence and MP conduct; no direct connection to NGO formation, governance, operations, resources, or reputational restrictions on civil society.",,,,,,,,
ev_2a8030ada4ff,June-July 2026,CIVICUS Monitor - press freedom concerns in first 100 days of new government (2026),"Media observers reported mounting pressure on press freedom in PM Balendra Shah's first 100 days, including a June 2026 statement by Home Minister Sudan Gurung that the Home Ministry would act against media outlets deemed to insult or defame individuals.",https://monitor.civicus.org/explore/nepal-press-freedom-at-risk-under-new-government-while-still-lack-of-accountability-for-protest-violations/,registry,supported,True,False,,reputational_and_political,hostile_official_rhetoric,exact,restrictive,public_trust_and_proactive_transparency,0.72,"A government minister publicly threatened punitive action against media outlets, bypassing the existing legal channel (Press Council), indicating an escalation of official pressure on civic/press actors.",Home Minister Sudan Gurung in June 2026 said that the Home Ministry would take action against media organisations that insult or defame individuals
ev_6edbef837fae,26 February 2026,CIVICUS Monitor - journalist assaulted covering election campaign (Feb 2026),"Journalist Arjun Acharya was assaulted on 26 February 2026 while covering K.P. Sharma Oli's election campaign activities in Jhapa district, allegedly by individuals associated with CPN-UML's volunteer force.",https://monitor.civicus.org/explore/nepal-press-freedom-at-risk-under-new-government-while-still-lack-of-accountability-for-protest-violations/,registry,supported,True,True,Ambiguous whether this constitutes a state-attributable restriction or isolated political violence; taxonomy fit is uncertain.,reputational_and_political,other,outside_current_subcategories,contextual,public_trust_and_proactive_transparency,0.55,"Physical assault on a journalist during political coverage indicates a hostile environment for press/civic actors, but the perpetrators are described as party-affiliated individuals rather than a state action or policy, so it does not clearly establish a state-driven restrictive measure.","Arjun Acharya... was assaulted. This occurred on 26 February (February 26), while covering the election activities of K. P. Sharma Oli."
ev_3b94b211710f,27 March 2025,Kathmandu Post - NHRC reform status review (March 2025),"Nepal's National Human Rights Commission underwent a periodic accreditation review in March 2025; the commission had drafted a new Act in line with the Paris Principles and forwarded it to the PMO on 3 September 2024, but the government had yet to finalise it.",https://kathmandupost.com/national/2025/03/27/nepal-human-rights-body-set-to-retain-its-a-global-ranking,supplementary,supported,True,True,Status update only; no clear restrictive or permissive effect established yet.,governance,other,outside_current_subcategories,contextual,appeal_and_judicial_review,0.6,Describes a pending legislative reform process for the national human rights body without confirming either a restriction or a protective outcome; the bill's fate remains undetermined.,the government has yet to finalise it. The bill is under evaluation at the Ministry of Finance.
ev_94d4d1ea1f53,21 December 2025,Kathmandu Post - Nepal's UN human rights report questioned (Dec 2025),"Nepal presented a report to the UN claiming progress on NHRC autonomy and a draft NHRC Act aligned with the Paris Principles, but human rights advocates said the claims presented before the UPR were exaggerated.",https://kathmandupost.com/national/2025/12/21/nepal-presents-glowing-human-rights-report-in-un-as-rights-defenders-raise-questions,supplementary,supported,True,True,General credibility dispute over reported reforms; does not establish a concrete restriction or protection.,governance,other,outside_current_subcategories,contextual,appeal_and_judicial_review,0.6,"Highlights a discrepancy between official claims of reform progress and advocates' assessment, providing interpretive context on institutional credibility rather than a specific restrictive or permissive change.","the claims in the report presented before the United Nations are exaggerated, say those working in human rights advocacy."
